,CTR,Like_Rate,Collect_Rate,Avg_Read_Time
control,0.6586034912718205,0.3655860349127182,0.12019950124688279,117.21687564767319
cf,0.9137844611528823,0.33458646616541354,0.10902255639097744,97.68866703038043
cb,0.5817042606516291,0.21278195488721804,0.06616541353383458,97.15247319710086
hybrid,0.7228070175438597,0.2679197994987469,0.08897243107769423,96.87928019829297
